Number,Title,Photo,Year,Artist,Region,Category,Description,image,num,RGB_1,BCT_1,PCT_1,RGB_2,BCT_2,PCT_2,RGB_3,BCT_3,PCT_3,RGB_4,BCT_4,PCT_4,RGB_5,BCT_5,PCT_5,RGB_6,BCT_6,PCT_6,pct_black,pct_white,pct_gray,pct_red,pct_green,pct_yellow,pct_blue,pct_brown,pct_orange,pct_pink,pct_purple,palette,dominant_bct
1,Espacio regulador ER #032,,2012,Pablo Rey,ca,Unknown,https://www.linkedin.com/pulse/regulator-space-small-introductory-text-pablo-rey-art/,1.jpg,1,"(245, 233, 247)",white,74.5,"(107, 61, 98)",purple,5.8,"(91, 20, 43)",red,5.8,"(152, 99, 132)",purple,5.6,"(140, 46, 67)",red,4.6,"(188, 157, 183)",purple,3.7,0,74.5,0,10.4,0,0,0,0,0,0,15.1,white 74%; purple 15%; red 10%,white
2,Correction #40,,1998,Pablo Rey,ca,Unknown,https://www.linkedin.com/pulse/regulator-space-small-introductory-text-pablo-rey-art/,2.jpg,2,"(31, 30, 46)",black,27.7,"(161, 142, 149)",gray,19,"(84, 133, 171)",blue,18.4,"(210, 203, 198)",white,15.2,"(64, 76, 103)",blue,13.1,"(115, 63, 56)",brown,6.6,27.7,15.2,19,0,0,0,31.5,6.6,0,0,0,blue 31%; black 28%; gray 19%; white 15%; brown 7%,blue
3,Barcelona Triangle,,1987,Albert Rafols-Casamada,ca,Space,https://www.macba.cat/en/obra/r0121-barcelona-triangle/,3.jpg,3,"(98, 143, 203)",blue,22.3,"(77, 125, 194)",blue,20.7,"(70, 102, 158)",blue,19.3,"(99, 127, 163)",blue,15,"(85, 107, 124)",gray,13.3,"(47, 78, 140)",blue,9.5,0,0,13.3,0,0,0,86.7,0,0,0,0,blue 87%; gray 13%,blue
4,Paisajo,,1960,Albert Rafols-Casamada,ca,Colour co-occurrence,https://ariadnesgallery.com/artwork/86387/,4.jpg,4,"(147, 117, 92)",brown,24.9,"(35, 36, 39)",black,19.4,"(104, 68, 55)",brown,17.1,"(128, 98, 77)",brown,16.7,"(162, 134, 109)",brown,14.6,"(75, 52, 47)",brown,7.3,19.4,0,0,0,0,0,0,80.6,0,0,0,brown 81%; black 19%,brown
5,Blau antic,,1990,Albert Rafols-Casamada,ca,Colour co-occurrence,https://ariadnesgallery.com/artwork/86378/,5.jpg,5,"(58, 69, 100)",blue,33.1,"(40, 51, 80)",blue,26.9,"(75, 86, 119)",blue,17.7,"(65, 62, 74)",black,15.4,"(107, 111, 133)",purple,4.3,"(149, 147, 159)",gray,2.6,15.4,0,2.6,0,0,0,77.7,0,0,0,4.3,blue 78%; black 15%; purple 4%,blue
6,Flicka med parasoll,,1937,Emilio Grau Sala,ca,Life experiences,https://www.johnadamsfineart.com/artists/87-emilio-grau-sala/,6.jpg,6,"(199, 187, 171)",gray,27,"(225, 218, 204)",white,22.4,"(167, 157, 137)",gray,22.3,"(131, 116, 95)",brown,14.7,"(64, 64, 57)",gray,9.3,"(92, 138, 153)",gray,4.4,0,22.4,63,0,0,0,0,14.7,0,0,0,gray 63%; white 22%; brown 15%,gray
7,Paddock en Normandie,,1961,Emilio Grau Sala,ca,Life experiences,https://www.johnadamsfineart.com/artists/87-emilio-grau-sala/,7.jpg,7,"(237, 224, 195)",white,27.3,"(182, 187, 179)",gray,23,"(137, 147, 135)",gray,17.5,"(224, 189, 134)",yellow,14.9,"(82, 80, 72)",gray,9.7,"(199, 104, 78)",brown,7.6,0,27.3,50.2,0,0,14.9,0,7.6,0,0,0,gray 50%; white 27%; yellow 15%; brown 8%,gray
8,Le Golf,,1961,Emilio Grau Sala,ca,Life experiences,https://www.johnadamsfineart.com/artists/87-emilio-grau-sala,8.jpg,8,"(85, 123, 84)",green,29.9,"(124, 150, 103)",green,21.3,"(53, 84, 65)",green,15,"(127, 147, 172)",purple,12.9,"(78, 117, 161)",blue,12.5,"(180, 191, 180)",gray,8.3,0,0,8.3,0,66.3,0,12.5,0,0,0,12.9,green 66%; purple 13%; blue 12%; gray 8%,green
9,The Old Age of William Tell,,1931,Salvador Dali,ca,Power structures or hierarchies,https://www.moma.org/documents/moma_catalogue_2085_300061969.pdf,9.jpg,9,"(59, 50, 49)",black,30,"(95, 85, 73)",brown,24.7,"(82, 107, 147)",blue,16.1,"(146, 128, 97)",brown,12.6,"(196, 175, 129)",yellow,11.8,"(222, 210, 182)",white,4.8,30,4.8,0,0,0,11.8,16.1,37.3,0,0,0,brown 37%; black 30%; blue 16%; yellow 12%; white 5%,brown
10,The Hallucinogenic Toreador,,1968 - 1970,Salvador Dali,ca,Identity ,https://thedali.org/dalis-masterwork-a-closer-look/,10.jpg,10,"(214, 184, 148)",gray,24.8,"(228, 210, 185)",white,23,"(166, 148, 130)",gray,17.6,"(58, 45, 43)",black,15.4,"(116, 100, 83)",brown,14.9,"(201, 102, 81)",brown,4.3,15.4,23,42.4,0,0,0,0,19.1,0,0,0,gray 42%; white 23%; brown 19%; black 15%,gray
11,The Ghost of Vermeer van Delft which Can Be Used as a Table,,1934,Salvador Dali,ca,Arts & entertainment,https://www.dalipaintings.com/the-ghost-of-vermeer-of-delft-which-can-be-used-as-a-table.jsp,11.jpg,11,"(162, 155, 105)",yellow,32.1,"(199, 188, 134)",yellow,25.1,"(124, 112, 68)",brown,14.3,"(222, 173, 66)",yellow,10.1,"(57, 48, 31)",brown,9.6,"(243, 227, 124)",yellow,8.8,0,0,0,0,0,76.1,0,23.9,0,0,0,yellow 76%; brown 24%,yellow
12,Portrait of My Dead Brother,,1963,Salvador Dali,ca,Death ,https://thedali.org/dalis-masterwork-a-closer-look/,12.jpg,12,"(120, 100, 83)",brown,21.2,"(58, 46, 43)",black,20.8,"(97, 69, 57)",brown,20.7,"(142, 124, 103)",brown,18.4,"(215, 199, 177)",gray,11.2,"(181, 159, 129)",gray,7.7,20.8,0,18.9,0,0,0,0,60.3,0,0,0,brown 60%; black 21%; gray 19%,brown
13,"The Enigma of My Desire or My Mother, My Mother, My Mother",,1929,Salvador Dali,ca,Identity ,dalipaintings.com/enigma-of-desire.jsp,13.jpg,13,"(238, 197, 97)",yellow,24.3,"(182, 125, 87)",brown,18.6,"(134, 133, 163)",purple,15.1,"(230, 219, 214)",white,14.4,"(219, 169, 137)",orange,14.3,"(93, 66, 50)",brown,13.2,0,14.4,0,0,0,24.3,0,31.7,14.3,0,15.1,brown 32%; yellow 24%; purple 15%; white 14%; orange 14%,brown
14,Magic grotto,,1942,Remedios Varo,ca,Ecology & environment,https://www.moma.org/artists/8317-remedios-varo,14.jpg,14,"(208, 135, 123)",brown,27.4,"(163, 105, 97)",brown,22.2,"(116, 68, 64)",brown,17.2,"(227, 179, 169)",pink,13.4,"(60, 27, 28)",black,11.6,"(210, 60, 65)",red,8.3,11.6,0,0,8.3,0,0,0,66.8,0,13.4,0,brown 67%; pink 13%; black 12%; red 8%,brown
15,Garden of love,,1951,Remedios Varo,ca,Ecology & environment,https://artrkl.com/blogs/news/the-garden-paintings-art-history-hasnt-talked-about-enough,15.jpg,15,"(66, 124, 126)",gray,53.2,"(103, 108, 60)",green,12.4,"(211, 213, 183)",white,11,"(138, 169, 139)",green,9.5,"(39, 56, 35)",green,7.7,"(198, 153, 88)",orange,6.1,0,11,53.2,0,29.6,0,0,0,6.1,0,0,gray 53%; green 30%; white 11%; orange 6%,gray
16,Dead Leaves,,1956,Remedios Varo,ca,Warnings,https://historia-arte.com/obras/las-hojas-muertas,16.jpg,16,"(153, 111, 76)",brown,21.8,"(130, 88, 60)",brown,20.2,"(178, 137, 96)",brown,17.8,"(205, 168, 119)",yellow,16.1,"(227, 194, 144)",yellow,14.8,"(100, 58, 40)",brown,9.2,0,0,0,0,0,31,0,69,0,0,0,brown 69%; yellow 31%,brown
17,Visit to the plastic surgeon,,1960,Remedios Varo,ca,Power structures or hierarchies,https://www.sothebys.com/en/buy/auction/2022/modern-evening-auction-4/visita-al-cirujano-plastico,17.jpg,17,"(99, 77, 56)",brown,23.1,"(67, 48, 34)",brown,18.6,"(231, 165, 88)",orange,18.5,"(145, 100, 66)",brown,16.3,"(207, 126, 57)",orange,15.3,"(184, 154, 117)",brown,8.2,0,0,0,0,0,0,0,66.3,33.7,0,0,brown 66%; orange 34%,brown
18,Aurora,,1962,Remedios Varo,ca,Belief and ritual,https://lacamaradelarte.com/obra/aurora-remedios-varo/,18.jpg,18,"(92, 66, 59)",brown,34.7,"(118, 95, 84)",brown,20.4,"(55, 39, 40)",black,15.8,"(152, 80, 51)",brown,11.6,"(163, 137, 114)",brown,11.2,"(214, 120, 56)",orange,6.3,15.8,0,0,0,0,0,0,77.9,6.3,0,0,brown 78%; black 16%; orange 6%,brown
19,Baranquilla,,1982,Alejandro Obregon,ca,Ecology & environment,https://www.wikiart.org/en/alejandro-obregon/baranquilla-1982,19.jpg,19,"(85, 97, 79)",green,25.9,"(226, 64, 63)",red,23.5,"(53, 47, 36)",black,23,"(222, 194, 184)",gray,12.8,"(157, 139, 134)",gray,10,"(203, 161, 43)",yellow,4.8,23,0,22.8,23.5,25.9,4.8,0,0,0,0,0,green 26%; red 24%; black 23%; gray 23%; yellow 5%,green
20,Agua cálida,,1962,Alejandro Obregon,ca,Ecology & environment,https://galeriaduquearango.com/en/artist/alejandro-obregon/,20.jpg,20,"(247, 198, 52)",yellow,30.5,"(43, 33, 22)",black,15.7,"(122, 84, 44)",brown,15.5,"(205, 113, 44)",orange,13.6,"(196, 171, 104)",yellow,13,"(239, 225, 131)",yellow,11.8,15.7,0,0,0,0,55.3,0,15.5,13.6,0,0,yellow 55%; black 16%; brown 15%; orange 14%,yellow
21,Guatavita,,1981,Alejandro Obregon,ca,Ecology & environment,https://galeriaduquearango.com/en/artist/alejandro-obregon/,21.jpg,21,"(103, 146, 184)",blue,28.9,"(53, 59, 62)",black,27.6,"(57, 101, 143)",blue,16.2,"(106, 114, 69)",green,10.4,"(197, 178, 78)",yellow,9.3,"(195, 204, 189)",gray,7.7,27.6,0,7.7,0,10.4,9.3,45,0,0,0,0,blue 45%; black 28%; green 10%; yellow 9%; gray 8%,blue
22,Cóndor,,1987,Alejandro Obregon,ca,Ecology & environment,https://galeriaduquearango.com/en/artist/alejandro-obregon/,22.jpg,22,"(157, 118, 70)",brown,25.2,"(165, 149, 146)",gray,20.9,"(51, 47, 47)",black,20.3,"(216, 191, 177)",gray,16.6,"(88, 95, 126)",blue,10.1,"(238, 227, 228)",white,7,20.3,7,37.4,0,0,0,10.1,25.2,0,0,0,gray 37%; brown 25%; black 20%; blue 10%; white 7%,gray
23,Vientos,,1989,Alejandro Obregon,ca,Ecology & environment,https://galeriaduquearango.com/en/artist/alejandro-obregon/,23.jpg,23,"(16, 11, 16)",black,30.9,"(91, 24, 29)",red,26.1,"(131, 127, 145)",purple,13.5,"(182, 175, 176)",gray,12.9,"(88, 78, 103)",purple,12,"(159, 32, 16)",red,4.5,30.9,0,12.9,30.6,0,0,0,0,0,0,25.5,black 31%; red 31%; purple 25%; gray 13%,black
24,The Dispute,,1979,Joan Tuset,ca,Conflict ,https://www.artavita.com/artists/6607-joan-tuset,24.jpg,24,"(246, 205, 166)",orange,31.3,"(246, 227, 198)",white,24.7,"(239, 117, 78)",orange,16.2,"(245, 167, 123)",orange,15.5,"(196, 75, 45)",red,7,"(60, 6, 5)",red,5.4,0,24.7,0,12.4,0,0,0,0,62.9,0,0,orange 63%; white 25%; red 12%,orange
25,Cupid Asleep,,2019,Joan Tuset,ca,Life experiences,https://joantuset.com/en/presentation,25.jpeg,25,"(222, 217, 195)",white,20,"(147, 197, 128)",green,18.3,"(130, 132, 69)",green,16.4,"(30, 113, 65)",green,16,"(207, 176, 102)",yellow,15.6,"(76, 164, 98)",green,13.7,0,20,0,0,64.4,15.6,0,0,0,0,0,green 64%; white 20%; yellow 16%,green
26,Maternity,,2004,Joan Tuset,ca,Life experiences,https://joantuset.com/en/presentation,26.jpg,26,"(202, 179, 159)",gray,30.3,"(182, 127, 107)",brown,26.5,"(160, 77, 53)",brown,24.4,"(40, 176, 161)",green,7.5,"(76, 62, 35)",brown,5.6,"(214, 180, 54)",yellow,5.6,0,0,30.3,0,7.5,5.6,0,56.6,0,0,0,brown 57%; gray 30%; green 8%; yellow 6%,brown
27,The Abduction of the Pubilla,,1981,Joan Tuset,ca,Power structures or hierarchies,https://joantuset.com/en/presentation,27.jpg,27,"(168, 130, 93)",brown,25,"(203, 166, 131)",brown,17.3,"(214, 209, 195)",white,17.1,"(121, 84, 55)",brown,16.4,"(50, 32, 18)",black,12.1,"(176, 183, 177)",gray,12.1,12.1,17.1,12.1,0,0,0,0,58.7,0,0,0,brown 59%; white 17%; black 12%; gray 12%,brown
28,The Yellow Woman,,1986,Joan Tuset,ca,Identity ,https://joantuset.com/en/presentation,28.jpg,28,"(248, 195, 16)",yellow,40.4,"(243, 242, 231)",white,16.9,"(206, 138, 24)",orange,13.6,"(224, 190, 97)",yellow,13.4,"(226, 216, 175)",white,10.4,"(121, 89, 28)",brown,5.3,0,27.3,0,0,0,53.8,0,5.3,13.6,0,0,yellow 54%; white 27%; orange 14%; brown 5%,yellow
29,Rediscovering a known landscape,,2004,Joan Hernandez Pijuan,ca,Ecology & environment,https://galeriacayon.com/en/exposiciones/joan-hernandez-pijuan-rediscovering-color/,29.jpg,29,"(44, 45, 46)",black,45.4,"(68, 69, 70)",gray,15.9,"(100, 101, 101)",gray,12.4,"(132, 133, 133)",gray,11.1,"(167, 167, 164)",gray,9.6,"(203, 203, 200)",gray,5.6,45.4,0,54.6,0,0,0,0,0,0,0,0,gray 55%; black 45%,gray
30,Folquer,,1972,Joan Hernandez Pijuan,ca,Ecology & environment,https://galeriacayon.com/en/exposiciones/joan-hernandez-pijuan-rediscovering-color/,30.jpg,30,"(114, 124, 112)",gray,29.2,"(135, 144, 124)",gray,26.6,"(157, 162, 130)",gray,15.9,"(91, 98, 91)",gray,13.7,"(66, 73, 67)",gray,12.6,"(222, 223, 208)",white,2.1,0,2.1,97.9,0,0,0,0,0,0,0,0,gray 98%,gray
31,Greek Head and Blue Dress,,1958,Antonio Lopez Garcia,es,Unknown,https://realismtoday.com/on-painting-antonio-lopez-garcia/,31.jpg,31,"(158, 140, 124)",gray,19.2,"(98, 75, 66)",brown,18.1,"(66, 53, 54)",black,17.9,"(183, 179, 164)",gray,17.5,"(119, 108, 104)",gray,14.8,"(226, 227, 214)",white,12.5,17.9,12.5,51.5,0,0,0,0,18.1,0,0,0,gray 52%; brown 18%; black 18%; white 13%,gray
32,Sinforoso and Josefa,,1955,Antonio Lopez Garcia,es,physical description,https://realismtoday.com/on-painting-antonio-lopez-garcia/,32.jpg,32,"(163, 158, 144)",gray,26.5,"(145, 139, 123)",gray,25.1,"(120, 114, 99)",gray,13.9,"(62, 56, 50)",black,12.2,"(89, 83, 74)",gray,11.4,"(190, 185, 170)",gray,11,12.2,0,87.8,0,0,0,0,0,0,0,0,gray 88%; black 12%,gray
33,The Table,,1980,Antonio Lopez Garcia,es,Life experiences,https://learn.theopensketchbook.com/pages/blog?p=antonio-l%C3%B3pez-garc%C3%ADas-transitory-figures,33.jpg,33,"(78, 84, 67)",gray,29.2,"(98, 102, 84)",gray,28,"(243, 222, 160)",yellow,12.6,"(154, 134, 97)",brown,11.4,"(207, 180, 125)",yellow,10.6,"(36, 43, 34)",black,8.3,8.3,0,57.2,0,0,23.1,0,11.4,0,0,0,gray 57%; yellow 23%; brown 11%; black 8%,gray
34,Atocha,,1964,Antonio Lopez Garcia,es,Life experiences,https://cargocollective.com/cornhoshukmei/Atocha-painting-by-Antonio-Lopez-Gorcia,34.jpg,34,"(118, 112, 107)",gray,25.2,"(236, 228, 218)",white,22.1,"(97, 90, 85)",gray,21.6,"(67, 64, 61)",gray,13.5,"(217, 208, 195)",white,9.8,"(163, 153, 144)",gray,7.9,0,31.9,68.1,0,0,0,0,0,0,0,0,gray 68%; white 32%,gray
35,Dead Girl,,1957,Antonio Lopez Garcia,es,Death ,https://collections.mfa.org/objects/398831,35.jpg,35,"(205, 196, 186)",gray,21.3,"(182, 173, 165)",gray,20.8,"(157, 148, 139)",gray,20.1,"(132, 121, 111)",gray,17.1,"(102, 91, 83)",gray,13,"(70, 54, 46)",brown,7.7,0,0,92.3,0,0,0,0,7.7,0,0,0,gray 92%; brown 8%,gray
36,Naturaleza Viva,,1943,Maruja Mallo,es,Unknown,https://www.artchive.com/artwork/naturaleza-viva-maruja-mallo-1943/,36.jpg,36,"(243, 233, 230)",white,68.3,"(221, 198, 191)",gray,11,"(213, 155, 190)",pink,9.7,"(201, 158, 138)",brown,4.8,"(52, 40, 40)",black,3.2,"(179, 79, 54)",brown,3,3.2,68.3,11,0,0,0,0,7.8,0,9.7,0,white 68%; gray 11%; pink 10%; brown 8%; black 3%,white
37,Tierra Y Excrementos,,1932,Maruja Mallo,es,Warnings,https://www.museoreinasofia.es/colecciones/obra/tierra-y-excrementos,37.jpg,37,"(23, 19, 8)",black,32.8,"(77, 88, 57)",green,21.6,"(47, 53, 29)",black,18.3,"(105, 118, 83)",green,16.2,"(143, 160, 129)",green,7.7,"(193, 218, 198)",white,3.4,51.1,3.4,0,0,45.5,0,0,0,0,0,0,black 51%; green 46%; white 3%,black
38,Retrato de Roma,,1933,Oscar Dominguez,es,Arts & entertainment,https://historia-arte.com/obras/retrato-de-roma,38.jpg,38,"(91, 34, 26)",red,27.2,"(23, 6, 8)",black,27.2,"(123, 85, 56)",brown,13.7,"(210, 18, 51)",red,13.2,"(191, 135, 90)",orange,9.8,"(217, 177, 141)",orange,9,27.2,0,0,40.5,0,0,0,13.7,18.7,0,0,red 40%; black 27%; orange 19%; brown 14%,red
39,Máquina de coser electro-sexual,,1934,Oscar Dominguez,es,Unknown,https://thesketchline.com/en/pictures/electro-sexual-sewing-machine/,39.jpg,39,"(5, 5, 10)",black,44.2,"(15, 37, 42)",black,24.1,"(61, 39, 31)",black,15.5,"(114, 89, 67)",brown,7,"(225, 158, 102)",orange,6.5,"(243, 219, 178)",white,2.5,83.9,2.5,0,0,0,0,0,7,6.5,0,0,black 84%; brown 7%; orange 7%,black
40,Sign I,,2003,Pablo Palazuelo,es,physical description,https://www.guggenheim-bilbao.eus/en/the-collection/works/sign-i,40.jpg,40,"(92, 99, 114)",gray,60.9,"(103, 108, 124)",gray,17.4,"(78, 89, 106)",gray,15.4,"(209, 10, 18)",red,4.1,"(172, 49, 54)",red,1.3,"(214, 152, 142)",pink,0.8,0,0,93.7,5.5,0,0,0,0,0,0.8,0,gray 94%; red 5%,gray
41,Allegory of music,,1946,Jose Manuel Capuletti,es,Arts & entertainment,https://www.aristos.org/capulett.htm,41.jpg,41,"(44, 37, 35)",black,39.1,"(219, 224, 196)",white,16.6,"(103, 72, 48)",brown,14.5,"(125, 172, 196)",gray,13.1,"(51, 91, 144)",blue,9.3,"(177, 144, 89)",yellow,7.4,39.1,16.6,13.1,0,0,7.4,9.3,14.5,0,0,0,black 39%; white 17%; brown 14%; gray 13%; blue 9%; yellow 7%,black
42,Dama en la playa,,1953,Jose Manuel Capuletti,es,Unknown,https://www.aristos.org/capulett.htm,42.jpg,42,"(234, 193, 123)",yellow,24.6,"(133, 204, 203)",gray,23.4,"(93, 165, 174)",gray,19.3,"(200, 156, 93)",orange,14.1,"(16, 15, 15)",black,11.3,"(86, 59, 40)",brown,7.4,11.3,0,42.6,0,0,24.6,0,7.4,14.1,0,0,gray 43%; yellow 25%; orange 14%; black 11%; brown 7%,gray
43,Pilar,,1955,Jose Manuel Capuletti,es,Life experiences,https://www.aristos.org/capulett.htm,43.jpg,43,"(162, 181, 205)",purple,28.8,"(234, 210, 180)",white,23.7,"(176, 112, 63)",orange,13,"(32, 25, 29)",black,12.3,"(122, 64, 43)",brown,11.5,"(223, 185, 144)",orange,10.8,12.3,23.7,0,0,0,0,0,11.5,23.8,0,28.8,purple 29%; orange 24%; white 24%; black 12%; brown 11%,purple
44,Materia Viva,,2013,Requena Nozal,es,Unknown,https://www.requenanozal.com/biography-requena-nozal,44.jpg,44,"(58, 117, 176)",blue,26.5,"(35, 33, 35)",black,22.6,"(72, 144, 128)",green,15.6,"(42, 96, 122)",blue,13.6,"(132, 144, 159)",purple,11.2,"(136, 120, 87)",brown,10.4,22.6,0,0,0,15.6,0,40.1,10.4,0,0,11.2,blue 40%; black 23%; green 16%; purple 11%; brown 10%,blue
45,Celeste I,,2006,Requena Nozal,es,Unknown,https://www.requenanozal.com/biography-requena-nozal,45.jpg,45,"(201, 206, 206)",gray,26.8,"(124, 173, 206)",blue,20.5,"(79, 53, 53)",brown,18.3,"(166, 127, 118)",brown,13.5,"(186, 81, 58)",brown,11.7,"(216, 180, 118)",yellow,9.2,0,0,26.8,0,0,9.2,20.5,43.5,0,0,0,brown 44%; gray 27%; blue 21%; yellow 9%,brown
46,Serie Micra,,2016,Requena Nozal,es,Unknown,https://www.requenanozal.com/biography-requena-nozal,46.jpg,46,"(251, 63, 4)",orange,36.8,"(35, 24, 27)",black,34.6,"(211, 45, 7)",red,9.9,"(92, 28, 23)",red,9.1,"(155, 38, 15)",red,8.2,"(224, 119, 141)",pink,1.3,34.6,0,0,27.2,0,0,0,0,36.8,1.3,0,orange 37%; black 35%; red 27%,orange
47,Fusión,,2014,Requena Nozal,es,Unknown,https://www.requenanozal.com/biography-requena-nozal,47.jpg,47,"(238, 25, 49)",red,35.7,"(244, 41, 65)",red,34.6,"(36, 27, 41)",black,13.6,"(179, 40, 67)",red,6,"(55, 42, 69)",purple,5.2,"(114, 25, 45)",red,5,13.6,0,0,81.3,0,0,0,0,0,0,5.2,red 81%; black 14%; purple 5%,red
48,Homenaje a Diana III,,2014,Requena Nozal,es,Unknown,https://www.requenanozal.com/biography-requena-nozal,48.jpg,48,"(229, 46, 24)",red,51,"(234, 234, 205)",white,21.6,"(40, 26, 30)",black,13.7,"(159, 39, 31)",red,6.7,"(177, 180, 202)",purple,3.7,"(81, 188, 225)",blue,3.3,13.7,21.6,0,57.7,0,0,3.3,0,0,0,3.7,red 58%; white 22%; black 14%; purple 4%; blue 3%,red
49,Homless Kid,,2006,Carmen Delaco,es,Politics & ideology,https://www.wikiart.org/en/carmen-delaco/homless-kid-2006,49.jpeg,49,"(162, 176, 185)",gray,22.9,"(137, 148, 156)",gray,19.1,"(190, 204, 213)",white,15.9,"(109, 117, 122)",gray,15.6,"(79, 83, 88)",gray,15.1,"(46, 50, 55)",black,11.4,11.4,15.9,72.7,0,0,0,0,0,0,0,0,gray 73%; white 16%; black 11%,gray
50,Animal Woman,,2012,Carmen Delaco,es,Identity ,https://www.artera.ae/profiles/carmendelaco,50.jpg,50,"(193, 193, 193)",gray,24.4,"(8, 8, 8)",black,20.9,"(162, 162, 162)",gray,19,"(117, 117, 117)",gray,16.2,"(69, 69, 69)",gray,10.7,"(234, 234, 234)",white,8.8,20.9,8.8,70.3,0,0,0,0,0,0,0,0,gray 70%; black 21%; white 9%,gray
51,Acontecimientos II,,2007,Carmen Delaco,es,Unknown,https://www.carmendelaco.com/,51.jpeg,51,"(200, 219, 217)",white,23.5,"(27, 30, 28)",black,21,"(59, 69, 73)",black,18.9,"(151, 184, 191)",gray,14.5,"(76, 113, 125)",gray,13.9,"(148, 129, 135)",gray,8.2,39.9,23.5,36.6,0,0,0,0,0,0,0,0,black 40%; gray 37%; white 24%,black
52,Antigona,,2012,Carmen Delaco,es,physical description,https://www.carmendelaco.com/,52.jpeg,52,"(135, 129, 133)",gray,27,"(152, 149, 156)",gray,24,"(110, 100, 105)",gray,14.3,"(76, 67, 72)",gray,13.9,"(42, 36, 39)",black,10.4,"(176, 179, 188)",gray,10.3,10.4,0,89.6,0,0,0,0,0,0,0,0,gray 90%; black 10%,gray
53,Medusa,,2011,Carmen Delaco,es,Warnings,https://www.carmendelaco.com/,53.jpg,53,"(159, 146, 127)",gray,28.8,"(125, 119, 109)",gray,16.5,"(107, 89, 77)",brown,16.3,"(177, 170, 159)",gray,15.5,"(149, 122, 89)",brown,14.2,"(68, 57, 53)",black,8.8,8.8,0,60.8,0,0,0,0,30.4,0,0,0,gray 61%; brown 30%; black 9%,gray
54,Saint Teresa of Jesus,,2010,Raúl Berzosa,es,Belief and ritual,https://www.artesacro.org/Noticia.asp?idreg=56137,54.jpg,54,"(4, 2, 2)",black,37,"(71, 41, 27)",brown,23.9,"(122, 90, 70)",brown,13.8,"(187, 146, 104)",brown,12.9,"(225, 203, 179)",gray,6.9,"(166, 58, 19)",red,5.4,37,0,6.9,5.4,0,0,0,50.7,0,0,0,brown 51%; black 37%; gray 7%; red 5%,brown
55,St. Luke,,2015,Raúl Berzosa,es,Belief and ritual,https://nuestra-voz.org/raul-berzosa-el-artista-espanol-con-obras-en-el-vaticano/,55.jpg,55,"(49, 39, 27)",black,22.5,"(0, 0, 0)",black,21.8,"(93, 66, 36)",brown,19.7,"(137, 107, 71)",brown,14.4,"(78, 100, 127)",blue,12.8,"(178, 147, 121)",brown,8.8,44.3,0,0,0,0,0,12.8,42.9,0,0,0,black 44%; brown 43%; blue 13%,black
56,St. Ana and the Young Virgin,,2020,Raúl Berzosa,es,Belief and ritual,https://nuestra-voz.org/raul-berzosa-el-artista-espanol-con-obras-en-el-vaticano/,56.jpg,56,"(70, 47, 27)",brown,35,"(23, 16, 14)",black,25.8,"(116, 102, 84)",brown,17.2,"(116, 51, 14)",brown,12.6,"(190, 154, 122)",brown,5,"(12, 77, 114)",blue,4.4,25.8,0,0,0,0,0,4.4,69.8,0,0,0,brown 70%; black 26%; blue 4%,brown
57,Tina,,1972,Eduardo Arroyo,es,Politics & ideology,https://www.artsy.net/artwork/eduardo-arroyo-tina-3,57.jpg,57,"(238, 231, 210)",white,40.3,"(170, 167, 162)",gray,37.9,"(32, 33, 32)",black,16.3,"(92, 155, 139)",green,2.5,"(165, 52, 46)",red,2,"(237, 195, 37)",yellow,1,16.3,40.3,37.9,2,2.5,1,0,0,0,0,0,white 40%; gray 38%; black 16%,white
58,El Caballero Español,,1970,Eduardo Arroyo,es,Politics & ideology,https://www.centrepompidou.fr/fr/ressources/oeuvre/o7eLZAl,58.jpg,58,"(93, 89, 90)",gray,48.3,"(12, 10, 12)",black,21.4,"(124, 122, 126)",gray,18.2,"(161, 47, 24)",red,5.1,"(33, 70, 136)",blue,4.3,"(232, 166, 87)",orange,2.6,21.4,0,66.5,5.1,0,0,4.3,0,2.6,0,0,gray 67%; black 21%; red 5%; blue 4%,gray
59,Parmi les peintres,,1975,Eduardo Arroyo,es,Unknown,https://www.gazette-drouot.com/article/arroyo-entre-militantisme-et-figuration-narrative/7273,59.jpg,59,"(234, 148, 21)",orange,32.3,"(206, 173, 148)",gray,27.4,"(61, 54, 49)",black,16.8,"(130, 62, 46)",brown,15.9,"(109, 118, 120)",gray,4.6,"(240, 228, 219)",white,3.1,16.8,3.1,32,0,0,0,0,15.9,32.3,0,0,orange 32%; gray 32%; black 17%; brown 16%; white 3%,orange
60,Fausto,,1975,Eduardo Arroyo,es,Arts & entertainment,https://www.gazette-drouot.com/article/arroyo-entre-militantisme-et-figuration-narrative/7273,60.jpg,60,"(30, 21, 18)",black,35.4,"(210, 147, 132)",pink,24,"(193, 125, 108)",brown,15.4,"(225, 169, 153)",pink,15.1,"(43, 48, 54)",black,6.1,"(111, 86, 75)",brown,4.1,41.5,0,0,0,0,0,0,19.5,0,39.1,0,black 41%; pink 39%; brown 19%,black
61,Ile de France,,1935,Jean Helion,fr,physical description,https://www.tate.org.uk/art/artworks/helion-ile-de-france-t00766,61.jpg,61,"(170, 177, 191)",gray,31.3,"(208, 210, 223)",white,29.4,"(63, 72, 136)",blue,18.4,"(120, 120, 145)",purple,9.1,"(46, 47, 62)",black,6.6,"(100, 81, 80)",gray,5.1,6.6,29.4,36.4,0,0,0,18.4,0,0,0,9.1,gray 36%; white 29%; blue 18%; purple 9%; black 7%,gray
62,Nude with Loaves,,1952,Jean Helion,fr,Life experiences,https://www.tate.org.uk/art/artworks/helion-nude-with-loaves-t05497,62.jpg,62,"(89, 79, 68)",brown,24.8,"(131, 100, 80)",brown,21.4,"(197, 186, 179)",gray,17.1,"(153, 127, 103)",brown,16.4,"(181, 171, 161)",gray,15.1,"(204, 155, 122)",brown,5.3,0,0,32.1,0,0,0,0,67.9,0,0,0,brown 68%; gray 32%,brown
63,Figure Rose,,1937,Jean Helion,fr,Unknown,https://www.mam.paris.fr/sites/default/files/documents/dp_jean_helion_mam.pdf,63.jpg,63,"(63, 68, 70)",gray,31.5,"(96, 103, 84)",gray,20.4,"(35, 41, 58)",black,15.1,"(180, 163, 127)",gray,13.9,"(236, 231, 204)",white,9.7,"(171, 104, 64)",brown,9.4,15.1,9.7,65.8,0,0,0,0,9.4,0,0,0,gray 66%; black 15%; white 10%; brown 9%,gray
64,Mannequinerie en solde,,1978,Jean Helion,fr,Life experiences,https://www.mam.paris.fr/en/expositions/exhibitions-jean-helion,64.jpg,64,"(204, 194, 182)",gray,37,"(201, 153, 133)",brown,20.8,"(141, 100, 94)",brown,11.5,"(104, 162, 185)",blue,11.3,"(62, 63, 67)",gray,10.9,"(13, 157, 181)",blue,8.5,0,0,47.9,0,0,0,19.8,32.4,0,0,0,gray 48%; brown 32%; blue 20%,gray
65,Pegeen,,1944,Jean Helion,fr,physical description,https://www.mam.paris.fr/en/expositions/exhibitions-jean-helion,65.jpg,65,"(177, 179, 179)",gray,28.8,"(101, 121, 136)",gray,20.1,"(41, 37, 41)",black,19.8,"(213, 217, 212)",white,15.1,"(176, 155, 114)",brown,9.1,"(178, 43, 27)",red,7.2,19.8,15.1,48.9,7.2,0,0,0,9.1,0,0,0,gray 49%; black 20%; white 15%; brown 9%; red 7%,gray
66,"Goudron 
sur verre 45.5 x 76.5 cm, 1948",,1948,Pierre Soulages,fr,physical description,https://presse.louvre.fr/wp-content/uploads/2020/02/3a015f3099fe13bef795e63da929c3e5.pdf,66.jpg,66,"(16, 13, 25)",black,30.5,"(200, 203, 212)",white,26.7,"(221, 222, 227)",white,21.1,"(181, 183, 189)",gray,15.9,"(46, 44, 57)",black,3.4,"(135, 135, 142)",gray,2.4,33.9,47.9,18.3,0,0,0,0,0,0,0,0,white 48%; black 34%; gray 18%,white
67,Etching no. 2,,1952,Pierre Soulages,fr,physical description,https://levygorvy.com/happenings/pierre-soulages-on-outrenoir/,67.jpg,67,"(31, 26, 26)",black,36.2,"(247, 243, 235)",white,24.7,"(55, 43, 43)",black,14.8,"(88, 67, 64)",brown,10.1,"(119, 112, 103)",gray,8.3,"(157, 150, 139)",gray,5.9,51,24.7,14.2,0,0,0,0,10.1,0,0,0,black 51%; white 25%; gray 14%; brown 10%,black
68,Eau forte XII,,1957,Pierre Soulages,fr,physical description,https://www.operagallery.com/viewing-rooms/pierre-soulages,68.jpg,68,"(240, 232, 219)",white,41.6,"(155, 128, 68)",yellow,16.2,"(125, 103, 56)",brown,11.5,"(52, 44, 31)",black,11.5,"(89, 73, 43)",brown,9.7,"(187, 157, 82)",yellow,9.4,11.5,41.6,0,0,0,25.6,0,21.3,0,0,0,white 42%; yellow 26%; brown 21%; black 12%,white
69,"Peinture 146 x 114 cm, 1950",,1950,Pierre Soulages,fr,physical description,https://www.operagallery.com/viewing-rooms/pierre-soulages,69.jpg,69,"(15, 14, 15)",black,71.2,"(28, 25, 24)",black,13.4,"(58, 45, 38)",black,7,"(90, 69, 57)",brown,4.7,"(219, 208, 134)",yellow,1.9,"(131, 110, 87)",brown,1.8,91.6,0,0,0,0,1.9,0,6.5,0,0,0,black 92%; brown 6%,black
70,Composition rouille et noire XXV,,1974,Pierre Soulages,fr,physical description,https://www.operagallery.com/viewing-rooms/pierre-soulages,70.jpg,70,"(132, 44, 34)",red,30.3,"(101, 42, 34)",red,19.1,"(55, 42, 38)",black,18.6,"(216, 206, 188)",gray,17.5,"(233, 224, 207)",white,13.4,"(134, 115, 102)",gray,1.1,18.6,13.4,18.6,49.4,0,0,0,0,0,0,0,red 49%; gray 19%; black 19%; white 13%,red
71,Les Folles: La mariée,,1970,Bernard Buffet,fr,Life experiences,https://rauantiques.com/blogs/artists-bio/bernard-buffet-bio?srsltid=AfmBOooSFiYuA9kpX54cY3b4qN1ouozS2lUVB46a754YQX85wuGegzl4,71.jpg,71,"(82, 53, 44)",brown,28,"(46, 30, 29)",black,26,"(117, 86, 60)",brown,20.1,"(161, 131, 94)",brown,10.7,"(194, 179, 153)",gray,8.3,"(236, 231, 215)",white,6.9,26,6.9,8.3,0,0,0,0,58.9,0,0,0,brown 59%; black 26%; gray 8%; white 7%,brown
72,Autoportrait n° 11,,1981,Bernard Buffet,fr,Identity ,https://museebernardbuffet.com/enminibio.html,72.jpg,72,"(18, 15, 11)",black,36.2,"(134, 120, 35)",yellow,20.7,"(64, 70, 52)",brown,14.7,"(105, 128, 118)",gray,12.3,"(198, 166, 58)",yellow,10.1,"(164, 185, 171)",gray,6,36.2,0,18.3,0,0,30.8,0,14.7,0,0,0,black 36%; yellow 31%; gray 18%; brown 15%,black
73,"Still Life with Fish, II",,1941,Bernard Buffet,fr,Food & drink,https://www.operagallery.com/artist/bernard-buffet,73.jpg,73,"(83, 66, 38)",brown,23.3,"(195, 175, 131)",yellow,21,"(120, 107, 68)",brown,17,"(165, 146, 107)",brown,15.8,"(46, 34, 15)",black,11.9,"(223, 202, 153)",yellow,11,11.9,0,0,0,0,32.1,0,56,0,0,0,brown 56%; yellow 32%; black 12%,brown
74,La barricade,,1949,Bernard Buffet,fr,Conflict ,https://www.artchive.com/artwork/la-barricade-bernard-buffet-1949/,74.jpg,74,"(22, 16, 11)",black,32.6,"(217, 224, 214)",white,18,"(89, 91, 81)",gray,16,"(48, 43, 35)",black,13.3,"(121, 128, 119)",gray,10.8,"(168, 190, 187)",gray,9.3,45.9,18,36.1,0,0,0,0,0,0,0,0,black 46%; gray 36%; white 18%,black
75,La Mort #5,,1999,Bernard Buffet,fr,Death ,https://www.venusovermanhattan.com/exhibitions/bernard-buffet,75.jpg,75,"(18, 16, 9)",black,27.8,"(143, 147, 133)",gray,19,"(185, 181, 161)",gray,17.2,"(60, 56, 41)",brown,15.5,"(99, 104, 94)",gray,13.8,"(230, 226, 214)",white,6.8,27.8,6.8,49.9,0,0,0,0,15.5,0,0,0,gray 50%; black 28%; brown 15%; white 7%,gray
76,Les hauts fleuris,,1961,Olivier Debre,fr,Ecology & environment,https://heni.com/news?artist=Olivier%20Debre,76.jpg,76,"(125, 68, 41)",brown,46.9,"(102, 55, 31)",brown,30.8,"(148, 97, 66)",brown,13,"(176, 165, 111)",yellow,3.6,"(217, 209, 204)",white,3.3,"(23, 100, 42)",green,2.4,0,3.3,0,0,2.4,3.6,0,90.7,0,0,0,brown 91%; yellow 4%; white 3%,brown
77,Rose Gris Raye a la Bande Orange,,1996,Olivier Debre,fr,Colour co-occurrence,https://heni.com/news?artist=Olivier%20Debre,77.jpg,77,"(211, 236, 243)",white,37,"(176, 216, 231)",gray,34.4,"(210, 134, 105)",orange,12,"(130, 146, 148)",gray,8.2,"(27, 128, 162)",blue,6.9,"(79, 57, 40)",brown,1.5,0,37,42.6,0,0,0,6.9,1.5,12,0,0,gray 43%; white 37%; orange 12%; blue 7%,gray
78,Blanche variante taches rouges de Royan,,1981,Olivier Debre,fr,Colour co-occurrence,https://heni.com/news?artist=Olivier%20Debre,78.jpg,78,"(193, 209, 205)",gray,87.1,"(152, 187, 201)",gray,6.3,"(128, 165, 116)",green,3.7,"(48, 80, 108)",blue,1.3,"(250, 254, 254)",white,1,"(180, 34, 32)",red,0.5,0,1,93.5,0.5,3.7,0,1.3,0,0,0,0,gray 93%; green 4%,gray
79,Rauland Violette,,1971,Olivier Debre,fr,Colour co-occurrence,https://heni.com/news?artist=Olivier%20Debre,79.jpg,79,"(181, 169, 187)",gray,31.7,"(198, 188, 200)",gray,29.9,"(160, 147, 172)",purple,19.5,"(134, 121, 146)",purple,8.5,"(50, 47, 61)",black,5.6,"(94, 87, 101)",gray,4.8,5.6,0,66.4,0,0,0,0,0,0,0,28,gray 66%; purple 28%; black 6%,gray
80,Ossiach,,1996,Olivier Debre,fr,Ecology & environment,https://heni.com/news?artist=Olivier%20Debre,80.jpg,80,"(118, 182, 218)",blue,52.3,"(236, 235, 231)",white,28.2,"(52, 181, 23)",green,5.8,"(7, 25, 56)",blue,5.4,"(239, 154, 22)",orange,4.6,"(25, 87, 163)",blue,3.6,0,28.2,0,0,5.8,0,61.4,0,4.6,0,0,blue 61%; white 28%; green 6%; orange 5%,blue
81,Multiplication of the Arcs,,1954,Yves Tanguy,fr,Life experiences,https://www.theartstory.org/artist/tanguy-yves/,81.jpg,81,"(149, 156, 166)",gray,24.3,"(182, 185, 192)",gray,21.1,"(28, 31, 40)",black,16,"(111, 117, 126)",gray,14.6,"(70, 73, 82)",gray,14.2,"(225, 228, 230)",white,9.9,16,9.9,74.1,0,0,0,0,0,0,0,0,gray 74%; black 16%; white 10%,gray
82,Exquisite Corpse,,1938,Yves Tanguy,fr,Unknown,https://www.nationalgalleries.org/art-and-artists/31332,82.jpg,82,"(228, 216, 196)",white,81.4,"(137, 126, 105)",gray,4.5,"(110, 101, 84)",brown,4.4,"(166, 152, 126)",gray,3.6,"(82, 75, 62)",brown,3.3,"(192, 179, 154)",gray,2.7,0,81.4,10.9,0,0,0,0,7.7,0,0,0,white 81%; gray 11%; brown 8%,white
83,Blue Bed,,1929,Yves Tanguy,fr,Unknown,https://www.artchive.com/artwork/blue-bed-yves-tanguy-1929/,83.jpg,83,"(27, 27, 26)",black,43.6,"(47, 48, 53)",gray,23.9,"(228, 234, 230)",white,14.8,"(192, 208, 208)",gray,7.8,"(71, 74, 97)",gray,7.3,"(136, 149, 179)",purple,2.7,43.6,14.8,38.9,0,0,0,0,0,0,0,2.7,black 44%; gray 39%; white 15%,black
84,Promontory Palace,,1931,Yves Tanguy,fr,Life experiences,https://www.guggenheim-venice.it/en/art/works/promontory-palace/,84.jpg,84,"(225, 224, 225)",white,36.5,"(175, 173, 166)",gray,19.1,"(205, 202, 201)",gray,17.5,"(91, 94, 86)",gray,11.5,"(136, 137, 129)",gray,10.7,"(48, 51, 44)",black,4.7,4.7,36.5,58.8,0,0,0,0,0,0,0,0,gray 59%; white 36%; black 5%,gray
85,Slowly Toward The North,,1942,Yves Tanguy,fr,Unknown,unknown,85.jpg,85,"(57, 70, 78)",black,32.1,"(30, 45, 53)",black,25.6,"(81, 102, 114)",gray,20.9,"(101, 139, 166)",blue,14.1,"(212, 220, 224)",white,5.6,"(201, 122, 80)",orange,1.8,57.6,5.6,20.9,0,0,0,14.1,0,1.8,0,0,black 58%; gray 21%; blue 14%; white 6%,black
86,Portrait De Simone En Veste Rouge,,1986,Hélène de Beauvoir,fr,Death ,https://news.artnet.com/art-world/helene-de-beauvoir-sister-to-simone-gets-her-star-turn-in-a-london-show-2600197,86.jpg,86,"(171, 77, 65)",brown,31.1,"(203, 188, 119)",yellow,21.7,"(167, 147, 138)",gray,18.4,"(211, 200, 189)",white,10.5,"(73, 91, 115)",gray,9.9,"(55, 54, 60)",gray,8.3,0,10.5,36.7,0,0,21.7,0,31.1,0,0,0,gray 37%; brown 31%; yellow 22%; white 11%,gray
87,Mondine Au Chapeau Jaune,,1954,Hélène de Beauvoir,fr,physical description,https://www.femmespeintres.be/peintres/mod/beauvoir.htm,87.jpg,87,"(165, 179, 161)",gray,26.9,"(134, 152, 136)",gray,21.6,"(170, 159, 86)",yellow,18.1,"(103, 118, 90)",green,15,"(57, 69, 61)",black,9.2,"(133, 80, 56)",brown,9.2,9.2,0,48.5,0,15,18.1,0,9.2,0,0,0,gray 49%; yellow 18%; green 15%; black 9%; brown 9%,gray
88,Femme De Tanger,,1949,Hélène de Beauvoir,fr,physical description,https://www.femmespeintres.be/peintres/mod/beauvoir.htm,88.jpg,88,"(177, 169, 155)",gray,31.6,"(26, 113, 134)",blue,15.6,"(108, 144, 146)",gray,14.6,"(156, 79, 67)",brown,14.2,"(46, 68, 55)",green,13.2,"(172, 141, 34)",yellow,10.8,0,0,46.2,0,13.2,10.8,15.6,14.2,0,0,0,gray 46%; blue 16%; brown 14%; green 13%; yellow 11%,gray
89,"Je t'aime, Ah Dis Le Avec Des Paves",,1968,Hélène de Beauvoir,fr,Unknown,https://www.femmespeintres.be/peintres/mod/beauvoir.htm,89.jpg,89,"(153, 151, 143)",gray,21.3,"(58, 56, 63)",gray,17.8,"(125, 68, 57)",brown,16.9,"(188, 187, 180)",gray,15.3,"(93, 101, 110)",gray,14.9,"(145, 126, 99)",brown,13.8,0,0,69.4,0,0,0,0,30.6,0,0,0,gray 69%; brown 31%,gray
90,"Les Femmes Souffrent, Les Hommes Jugent",,1977,Hélène de Beauvoir,fr,Power structures or hierarchies,https://hyperallergic.com/helene-de-beauvoir-steps-out-of-her-sisters-shadow-amar-gallery-london/,90.jpeg,90,"(239, 246, 245)",white,27.2,"(218, 220, 215)",white,16.8,"(192, 191, 189)",gray,15.2,"(106, 68, 69)",brown,14.7,"(167, 162, 161)",gray,13.2,"(130, 104, 109)",gray,13,0,43.9,41.3,0,0,0,0,14.7,0,0,0,white 44%; gray 41%; brown 15%,white
92,Janet and Lilies,,1961,John Bratby,en,physical description,https://www.royalacademy.org.uk/art-artists/name/john-bratby-ra,92.jpg,92,"(29, 40, 62)",black,26.2,"(222, 219, 216)",white,18.9,"(55, 78, 107)",blue,18.4,"(174, 171, 172)",gray,15.3,"(110, 126, 145)",purple,13.7,"(132, 89, 81)",brown,7.5,26.2,18.9,15.3,0,0,0,18.4,7.5,0,0,13.7,black 26%; white 19%; blue 18%; gray 15%; purple 14%; brown 7%,black
94,"Fishing Boat at Dungeness, 'RX67'",,1965,John Bratby,en,physical description,https://www.royalacademy.org.uk/art-artists/name/john-bratby-ra,94.jpg,94,"(230, 231, 226)",white,23.6,"(191, 165, 109)",yellow,19,"(195, 196, 186)",gray,17.9,"(118, 110, 82)",brown,16.1,"(129, 151, 165)",purple,15,"(43, 40, 32)",black,8.4,8.4,23.6,17.9,0,0,19,0,16.1,0,0,15,white 24%; yellow 19%; gray 18%; brown 16%; purple 15%; black 8%,white
96,Bathroom Mirror,,1968,Patrick Caulfield,en,Life experiences,https://cristearoberts.com/exhibitions/54-patrick-caulfield-prints-1964-1999/,96.jpg,96,"(86, 189, 184)",gray,40.3,"(125, 213, 212)",gray,25,"(113, 201, 199)",gray,20.3,"(23, 59, 65)",black,7.8,"(80, 146, 145)",gray,3.4,"(49, 99, 102)",gray,3.3,7.8,0,92.2,0,0,0,0,0,0,0,0,gray 92%; black 8%,gray
98,After Lunch,,1975,Patrick Caulfield,en,Life experiences,https://www.tate.org.uk/art/artworks/caulfield-after-lunch-t02033,98.jpg,98,"(25, 85, 143)",blue,27.2,"(104, 159, 218)",blue,25.5,"(28, 105, 174)",blue,16.4,"(12, 39, 62)",black,15.6,"(37, 71, 94)",blue,10.4,"(89, 120, 134)",gray,4.9,15.6,0,4.9,0,0,0,79.5,0,0,0,0,blue 80%; black 16%; gray 5%,blue
100,Hemingway Never Ate Here,,1999,Patrick Caulfield,en,Life experiences,https://www.tate.org.uk/art/artworks/caulfield-hemingway-never-ate-here-t07509,100.jpg,100,"(49, 84, 63)",green,57.9,"(252, 242, 76)",yellow,17.7,"(44, 50, 41)",black,12.6,"(104, 72, 48)",brown,7.4,"(216, 223, 214)",white,3.3,"(149, 153, 94)",green,1.1,12.6,3.3,0,0,59,17.7,0,7.4,0,0,0,green 59%; yellow 18%; black 13%; brown 7%; white 3%,green
102,Dolphin Painting No.4,,1991,Gary Hume,en,Unknown,https://www.tate.org.uk/research/tate-papers/33/layers-looking-changing-surfaces-paintings-gary-hume,102.jpg,102,"(196, 196, 198)",gray,28.6,"(184, 37, 64)",red,19.9,"(10, 11, 11)",black,18.4,"(248, 224, 120)",yellow,14.1,"(242, 230, 210)",white,14,"(42, 124, 69)",green,5.1,18.4,14,28.6,19.9,5.1,14.1,0,0,0,0,0,gray 29%; red 20%; black 18%; yellow 14%; white 14%; green 5%,gray
104,Water Painting,,1999,Gary Hume,en,physical description,https://www.tate.org.uk/art/artworks/hume-water-painting-t07618,104.jpg,104,"(206, 190, 25)",yellow,39.4,"(190, 177, 28)",yellow,19.8,"(193, 185, 67)",yellow,12.1,"(230, 223, 156)",yellow,10.4,"(236, 229, 208)",white,9.2,"(207, 200, 113)",yellow,9.1,0,9.2,0,0,0,90.8,0,0,0,0,0,yellow 91%; white 9%,yellow
106,Interior at Furlongs,,1931,Eric Ravilious,en,Life experiences,https://eclecticlight.co/2020/09/18/quiet-landscapes-watercolours-of-eric-ravilious-2/,106.jpg,106,"(216, 214, 213)",white,29.7,"(194, 184, 181)",gray,22.6,"(163, 152, 156)",gray,19,"(124, 118, 128)",gray,12.6,"(95, 73, 77)",brown,8.4,"(171, 119, 99)",brown,7.8,0,29.7,54.1,0,0,0,0,16.2,0,0,0,gray 54%; white 30%; brown 16%,gray
108,The Vale of the White Horse,,1939,Eric Ravilious,en,Life experiences,https://eclecticlight.co/2020/09/18/quiet-landscapes-watercolours-of-eric-ravilious-2/,108.jpg,108,"(110, 104, 65)",brown,25.8,"(135, 124, 80)",brown,21.9,"(83, 83, 54)",brown,18,"(136, 135, 136)",gray,14,"(177, 171, 166)",gray,10.5,"(162, 148, 109)",brown,9.8,0,0,24.5,0,0,0,0,75.5,0,0,0,brown 75%; gray 25%,brown
110,Tea at Furlongs,,1942,Eric Ravilious,en,Life experiences,https://fryartgallery.org/work-of-the-week-30-tea-at-furlongs-by-eric-ravilious/,110.jpg,110,"(223, 222, 224)",white,28,"(196, 196, 202)",gray,21,"(149, 140, 143)",gray,16.2,"(175, 169, 172)",gray,15.6,"(120, 111, 113)",gray,13,"(89, 71, 69)",brown,6.1,0,28,65.9,0,0,0,0,6.1,0,0,0,gray 66%; white 28%; brown 6%,gray
111,Winter Still Life with Candle,,1950,Mary Fedden,en,physical description,https://www.lyonandturnbull.com/auctions/fine-paintings-316/lot/206?srsltid=AfmBOop1OvenTdLgFxBT_zjNMzFPWGtzLTUyik-C18_X-6dT4M-7Vud5,111.jpg,111,"(40, 35, 29)",black,36,"(72, 63, 43)",brown,18.7,"(117, 101, 58)",brown,16.7,"(152, 141, 86)",yellow,11,"(188, 178, 122)",yellow,10,"(224, 214, 172)",white,7.5,36,7.5,0,0,0,21.1,0,35.4,0,0,0,black 36%; brown 35%; yellow 21%; white 8%,black
112,Landscape in Gozo,,1960,Mary Fedden,en,physical description,https://timesofmalta.com/article/encounters-with-malta-and-gozo.696281,112.jpg,112,"(172, 70, 50)",brown,29.7,"(149, 48, 39)",red,28.7,"(108, 49, 49)",red,16.7,"(185, 91, 92)",red,11,"(201, 122, 122)",pink,8.2,"(213, 172, 155)",gray,5.6,0,0,5.6,56.5,0,0,0,29.7,0,8.2,0,red 56%; brown 30%; pink 8%; gray 6%,red
113,Two women on the shore,,1977,Mary Fedden,en,physical description,https://www.murrayedwards.cam.ac.uk/womens-art-collection/artwork/white-church-landscape,113.jpg,113,"(129, 129, 128)",gray,21.8,"(82, 81, 79)",gray,19.8,"(170, 206, 206)",gray,19.2,"(230, 239, 239)",white,18.7,"(116, 179, 186)",gray,14.9,"(45, 131, 153)",blue,5.6,0,18.7,75.7,0,0,0,5.6,0,0,0,0,gray 76%; white 19%; blue 6%,gray
114,The Etching Table,,1971,Mary Fedden,en,physical description,https://www.painters-online.co.uk/tips-techniques/in-conversation/articles/the-artist-masterclass-with-mary-fedden/,114.jpg,114,"(27, 26, 38)",black,45.8,"(56, 47, 53)",black,19.4,"(137, 106, 115)",purple,12.3,"(96, 77, 80)",gray,11.3,"(171, 141, 151)",purple,8.1,"(236, 226, 222)",white,3,65.2,3,11.3,0,0,0,0,0,0,0,20.5,black 65%; purple 20%; gray 11%; white 3%,black
115,Red Parasol,,1978,Mary Fedden,en,physical description,https://www.painters-online.co.uk/tips-techniques/in-conversation/articles/the-artist-masterclass-with-mary-fedden/,115.jpg,115,"(234, 227, 221)",white,37.6,"(219, 203, 189)",gray,23.9,"(170, 161, 143)",gray,17,"(132, 129, 119)",gray,11.7,"(196, 89, 48)",orange,5.6,"(52, 50, 45)",black,4.3,4.3,37.6,52.6,0,0,0,0,0,5.6,0,0,gray 53%; white 38%; orange 6%; black 4%,gray
116,Blue and Lemon,,2001,Terry Frost,en,Colour co-occurrence,https://www.artsy.net/artwork/terry-frost-blue-and-lemon-1,116.jpg,116,"(220, 236, 241)",white,55.4,"(242, 191, 39)",yellow,18.3,"(55, 72, 130)",blue,14.8,"(140, 73, 100)",purple,4.1,"(232, 99, 86)",red,3.7,"(193, 167, 180)",purple,3.6,0,55.4,0,3.7,0,18.3,14.8,0,0,0,7.7,white 55%; yellow 18%; blue 15%; purple 8%; red 4%,white
117,Ice Blue,,1972,Terry Frost,en,Unknown,https://www.zimmerstewart.co.uk/post/terry-frost-in-his-own-words,117.jpg,117,"(126, 188, 181)",gray,49.5,"(237, 236, 228)",white,24.7,"(202, 110, 57)",orange,13.5,"(92, 166, 175)",gray,7.5,"(38, 35, 34)",black,2.6,"(179, 203, 193)",gray,2.2,2.6,24.7,59.2,0,0,0,0,0,13.5,0,0,gray 59%; white 25%; orange 13%,gray
118,"Umea, Sweden",,1979,Terry Frost,en,Ecology & environment,https://www.tate.org.uk/art/artworks/frost-umea-sweden-p07987,118.jpg,118,"(242, 237, 231)",white,59.9,"(236, 231, 225)",white,23.3,"(25, 24, 22)",black,9.4,"(230, 226, 217)",white,6.7,"(201, 196, 189)",gray,0.5,"(114, 110, 105)",gray,0.2,9.4,89.9,0.8,0,0,0,0,0,0,0,0,white 90%; black 9%,white
119,Yellow Triptych,,1959,Terry Frost,en,Ecology & environment,https://shop.tate.org.uk/terry-frost-yellow-triptych/terfro1512.html,119.jpg,119,"(241, 205, 79)",yellow,38.7,"(250, 221, 106)",yellow,22,"(220, 174, 72)",yellow,12.6,"(166, 50, 32)",red,10.8,"(71, 40, 38)",brown,9.6,"(189, 121, 59)",orange,6.2,0,0,0,10.8,0,73.3,0,9.6,6.2,0,0,yellow 73%; red 11%; brown 10%; orange 6%,yellow
120,San Raphael (Córdoba),,1989,Terry Frost,en,Ecology & environment,https://www.goldmarkart.com/blogs/discover/terry-frost-lorca?srsltid=AfmBOoo3lvRKThWFaYWlOPDB3lK3tACsZQ1OlysBx5Yjyr1195R2bEOP,120.jpg,120,"(250, 250, 250)",white,59.8,"(239, 238, 237)",white,21.5,"(40, 39, 47)",black,8.5,"(60, 75, 129)",blue,7,"(180, 154, 171)",purple,2.6,"(244, 226, 104)",yellow,0.5,8.5,81.3,0,0,0,0.5,7,0,0,0,2.6,white 81%; black 9%; blue 7%,white
121,Man at Curtain,,1949,Francis Bacon,en,Conflict ,https://www.artchive.com/artwork/man-at-curtain-francis-bacon-1949/,121.jpg,121,"(24, 19, 17)",black,37.8,"(37, 29, 29)",black,27.1,"(56, 44, 45)",black,20,"(72, 60, 62)",black,12.1,"(113, 95, 94)",gray,2.1,"(181, 157, 148)",gray,0.9,97,0,3,0,0,0,0,0,0,0,0,black 97%,black
122,Fury,,1944,Francis Bacon,en,Conflict ,https://www.artchive.com/artwork/fury-francis-bacon-1944/,122.jpg,122,"(209, 89, 19)",orange,44.4,"(182, 83, 18)",orange,23.9,"(28, 22, 13)",black,10.1,"(93, 71, 33)",brown,9.1,"(197, 199, 168)",gray,7.6,"(141, 135, 93)",brown,4.8,10.1,0,7.6,0,0,0,0,14,68.3,0,0,orange 68%; brown 14%; black 10%; gray 8%,orange
123,Figure in a Landscape,,1945,Francis Bacon,en,Conflict ,https://www.tate.org.uk/art/artworks/bacon-figure-in-a-landscape-n05941,123.jpg,123,"(15, 12, 7)",black,29.9,"(51, 42, 32)",black,16.9,"(127, 112, 96)",brown,14.7,"(89, 77, 63)",brown,14.6,"(165, 146, 125)",gray,13.7,"(158, 164, 172)",gray,10.1,46.8,0,23.8,0,0,0,0,29.3,0,0,0,black 47%; brown 29%; gray 24%,black
124,Study for a Portrait,,1952,Francis Bacon,en,Life experiences,https://www.thepainterseye.com/post/getting-to-know-francis-bacon-through-his-portraits-and-self-portraits,124.jpg,124,"(60, 60, 61)",gray,41.1,"(94, 96, 104)",gray,20.6,"(77, 77, 82)",gray,17.7,"(112, 114, 125)",gray,13.2,"(147, 143, 147)",gray,5.6,"(192, 189, 188)",gray,1.9,0,0,100,0,0,0,0,0,0,0,0,gray 100%,gray
125,Study for a nude,,1951,Francis Bacon,en,Conflict ,https://sainsburycentre.ac.uk/art-and-objects/29-study-of-a-nude/,125.jpg,125,"(46, 47, 44)",black,31.4,"(67, 68, 64)",gray,24.4,"(21, 19, 19)",black,24.2,"(91, 94, 95)",gray,11.5,"(120, 125, 128)",gray,7.2,"(172, 173, 176)",gray,1.4,55.6,0,44.4,0,0,0,0,0,0,0,0,black 56%; gray 44%,black
126,Bottle and Fish Slice,,1949,William Scott,en,physical description,https://artuk.org/discover/stories/william-scott-abstracting-and-appreciating-the-everyday,126.jpg,126,"(149, 80, 43)",brown,28.7,"(167, 93, 52)",brown,18.8,"(142, 129, 88)",brown,18.6,"(129, 70, 38)",brown,16.8,"(51, 43, 34)",black,14.9,"(192, 180, 161)",gray,2.2,14.9,0,2.2,0,0,0,0,82.9,0,0,0,brown 83%; black 15%,brown
127,Cornish Harbour,,1951,William Scott,en,Ecology & environment,https://artuk.org/discover/stories/william-scott-abstracting-and-appreciating-the-everyday,127.jpg,127,"(238, 232, 215)",white,26.4,"(222, 217, 199)",white,17.9,"(167, 167, 153)",gray,17.3,"(19, 25, 26)",black,15.5,"(123, 123, 108)",gray,12.5,"(102, 102, 88)",gray,10.4,15.5,44.3,40.2,0,0,0,0,0,0,0,0,white 44%; gray 40%; black 16%,white
128,Five Pears,,1976,William Scott,en,Food & drink,https://artuk.org/discover/stories/william-scott-abstracting-and-appreciating-the-everyday,128.jpg,128,"(241, 240, 216)",white,39.9,"(248, 250, 245)",white,30.8,"(230, 228, 205)",white,18,"(111, 112, 20)",green,6.4,"(34, 54, 74)",black,3.3,"(111, 127, 151)",purple,1.5,3.3,88.7,0,0,6.4,0,0,0,0,0,1.5,white 89%; green 6%; black 3%,white
129,Berlin Blues 6,,1966,William Scott,en,Colour co-occurrence,https://www.sothebys.com/en/articles/great-scott-the-art-of-william-scott,129.jpg,129,"(3, 80, 156)",blue,43.3,"(203, 218, 225)",white,23.9,"(219, 229, 234)",white,17.2,"(191, 207, 215)",white,13,"(131, 177, 217)",blue,1.4,"(66, 124, 176)",blue,1.1,0,54.1,0,0,0,0,45.9,0,0,0,0,white 54%; blue 46%,white
130,"White, Sand and Ochre",,1961,William Scott,en,physical description,https://artuk.org/discover/stories/william-scott-abstracting-and-appreciating-the-everyday,130.jpg,130,"(229, 227, 227)",white,41.9,"(220, 214, 207)",white,28.1,"(186, 158, 99)",yellow,13.3,"(167, 118, 58)",orange,8.4,"(202, 186, 160)",gray,6.7,"(116, 102, 101)",gray,1.6,0,70.1,8.2,0,0,13.3,0,0,8.4,0,0,white 70%; yellow 13%; orange 8%; gray 8%,white